scenario_id,scenario,annual_change_pct,year,co2,cumulative_co2,temperature_prediction,lower_90,upper_90
trend,Tiếp diễn xu hướng,1.4070519037494567,2025,39141.68002656922,1888265.5550265692,1.0472367433498957,0.9706962228866799,1.1237772638131116
trend,Tiếp diễn xu hướng,1.4070519037494567,2026,39692.42378054259,1927957.9788071117,1.0757917164125552,0.9989681504048242,1.1526152824202862
trend,Tiếp diễn xu hướng,1.4070519037494567,2027,40250.91678499101,1968208.8955921028,1.1047484727673087,1.0276252426049501,1.1818717029296673
trend,Tiếp diễn xu hướng,1.4070519037494567,2028,40817.26807589084,2009026.1636679936,1.1341126657136158,1.0566727117635166,1.211552619663715
trend,Tiếp diễn xu hướng,1.4070519037494567,2029,41391.58822341118,2050417.7518914049,1.1638900280957944,1.086115848132232,1.241664208059357
trend,Tiếp diễn xu hướng,1.4070519037494567,2030,41973.98935350082,2092391.7412449056,1.1940863734222575,1.1159600214832484,1.2722127253612667
trend,Tiếp diễn xu hướng,1.4070519037494567,2031,42564.585169778846,2134956.3264146848,1.2247075970004997,1.1462106826714646,1.3032045113295347
trend,Tiếp diễn xu hướng,1.4070519037494567,2032,43163.49097573328,2178119.8173904177,1.2557596770880508,1.1768733652118004,1.3346459889643012
trend,Tiếp diễn xu hướng,1.4070519037494567,2033,43770.82369723205,2221890.64108765,1.2872486760596278,1.2079536868692589,1.3665436652499967
trend,Tiếp diễn xu hướng,1.4070519037494567,2034,44386.70190535078,2266277.3429930005,1.319180741590706,1.2394573512595486,1.3989041319218634
trend,Tiếp diễn xu hướng,1.4070519037494567,2035,45011.24583952161,2311288.5888325223,1.3515621078577458,1.2713901494580393,1.4317340662574523
trend,Tiếp diễn xu hướng,1.4070519037494567,2036,45644.57743100796,2356933.16626353,1.3843990967553057,1.3037579616148283,1.4650402318957831
trend,Tiếp diễn xu hướng,1.4070519037494567,2037,46286.82032670934,2403219.9865902397,1.4176981191302835,1.3365667585737453,1.4988294796868218
trend,Tiếp diễn xu hướng,1.4070519037494567,2038,46938.0999133014,2450158.086503541,1.4514656760335178,1.3698226034931769,1.5331087485738588
trend,Tiếp diễn xu hướng,1.4070519037494567,2039,47598.543341715325,2497756.6298452565,1.4857083599890086,1.4035316534667028,1.5678850665113144
trend,Tiếp diễn xu hướng,1.4070519037494567,2040,48268.27955196195,2546024.9093972184,1.5204328562809901,1.437700161141621,1.6031655514203593
trend,Tiếp diễn xu hướng,1.4070519037494567,2041,48947.43929830493,2594972.348695523,1.5556459442591155,1.4723344763336035,1.6389574121846275
trend,Tiếp diễn xu hướng,1.4070519037494567,2042,49636.15517478835,2644608.5038703117,1.5913544986620063,1.5074410476358695,1.675267949688143
trend,Tiếp diễn xu hướng,1.4070519037494567,2043,50334.56164112323,2694943.065511435,1.627565490959424,1.5430264240214435,1.7121045578974043
trend,Tiếp diễn xu hướng,1.4070519037494567,2044,51042.795048938606,2745985.8605603734,1.6642859907133292,1.5790972564372667,1.7494747249893916
trend,Tiếp diễn xu hướng,1.4070519037494567,2045,51760.99366840163,2797746.854228775,1.7015231669580877,1.615660299389129,1.7873860345270465
trend,Tiếp diễn xu hướng,1.4070519037494567,2046,52489.29771521251,2850236.1519439872,1.7392842896001008,1.6527224125166262,1.8258461666835755
trend,Tiếp diễn xu hướng,1.4070519037494567,2047,53227.84937797913,2903464.0013219668,1.7775767308371262,1.6902905621575663,1.864862899516686
trend,Tiếp diễn xu hướng,1.4070519037494567,2048,53976.79284597688,2957440.7941679433,1.8164079665975685,1.7283718229014855,1.9044441102936516
trend,Tiếp diễn xu hướng,1.4070519037494567,2049,54736.2743372991,3012177.0685052425,1.8557855780000279,1.7669733791321898,1.944597776867866
trend,Tiếp diễn xu hướng,1.4070519037494567,2050,55506.442127403585,3067683.5106326463,1.8957172528333763,1.8061025265594461,1.9853319791073065
stable,Giữ mức 2024,0.0,2025,38598.578,1887722.453,1.0468460324216666,0.9703092983419955,1.1233827665013376
stable,Giữ mức 2024,0.0,2026,38598.578,1926321.031,1.0746140861223141,0.9978024387413795,1.1514257335032487
stable,Giữ mức 2024,0.0,2027,38598.578,1964919.609,1.102382139822962,1.0252838720096462,1.179480407636278
stable,Giữ mức 2024,0.0,2028,38598.578,2003518.187,1.13015019352361,1.052753728210881,1.207546658836339
stable,Giữ mức 2024,0.0,2029,38598.578,2042116.7650000001,1.157918247224258,1.0802121406260947,1.2356243538224212
stable,Giữ mức 2024,0.0,2030,38598.578,2080715.343,1.185686300924906,1.1076592454951657,1.263713356354646
stable,Giữ mức 2024,0.0,2031,38598.578,2119313.921,1.2134543546255538,1.1350951817606216,1.291813527490486
stable,Giữ mức 2024,0.0,2032,38598.578,2157912.499,1.2412224083262018,1.162520090814156,1.3199247258382476
stable,Giữ mức 2024,0.0,2033,38598.578,2196511.077,1.2689904620268497,1.1899341162467203,1.3480468078069792
stable,Giữ mức 2024,0.0,2034,38598.578,2235109.655,1.2967585157274972,1.2173374036029627,1.3761796278520317
stable,Giữ mức 2024,0.0,2035,38598.578,2273708.233,1.3245265694281452,1.244730100140724,1.4043230387155663
stable,Giữ mức 2024,0.0,2036,38598.578,2312306.8109999998,1.3522946231287931,1.2721123545962256,1.4324768916613606
stable,Giữ mức 2024,0.0,2037,38598.578,2350905.389,1.380062676829441,1.2994843169555323,1.4606410367033498
stable,Giữ mức 2024,0.0,2038,38598.578,2389503.967,1.407830730530089,1.3268461382327916,1.4888153228273864
stable,Giữ mức 2024,0.0,2039,38598.578,2428102.545,1.4355987842307365,1.3541979702556919,1.5169995982057811
stable,Giữ mức 2024,0.0,2040,38598.578,2466701.1229999997,1.4633668379313844,1.381539965458522,1.5451937104042468
stable,Giữ mức 2024,0.0,2041,38598.578,2505299.701,1.4911348916320324,1.4088722766831363,1.5733975065809285
stable,Giữ mức 2024,0.0,2042,38598.578,2543898.279,1.5189029453326803,1.4361950569880941,1.6016108336772665
stable,Giữ mức 2024,0.0,2043,38598.578,2582496.857,1.5466709990333278,1.4635084594661603,1.6298335386004954
stable,Giữ mức 2024,0.0,2044,38598.578,2621095.4349999996,1.5744390527339758,1.490812637070318,1.6580654683976335
stable,Giữ mức 2024,0.0,2045,38598.578,2659694.013,1.6022071064346237,1.5181077424483784,1.686306470420869
stable,Giữ mức 2024,0.0,2046,38598.578,2698292.591,1.6299751601352717,1.545393927786239,1.7145563924843044
stable,Giữ mức 2024,0.0,2047,38598.578,2736891.1689999998,1.6577432138359196,1.5726713446597866,1.7428150830120526
stable,Giữ mức 2024,0.0,2048,38598.578,2775489.7469999995,1.6855112675365675,1.5999401438954053,1.7710823911777298
stable,Giữ mức 2024,0.0,2049,38598.578,2814088.3249999997,1.713279321237215,1.6272004754390106,1.7993581670354195
stable,Giữ mức 2024,0.0,2050,38598.578,2852686.903,1.741047374937863,1.6544524882335025,1.8276422616422234
decline,Giảm 5%/năm,-5.0,2025,36668.6491,1885792.5241,1.0454576297366343,0.9689343317236774,1.1219809277495911
decline,Giảm 5%/năm,-5.0,2026,34835.216645,1920627.740745,1.0705182982014687,0.9937479396659622,1.147288656736975
decline,Giảm 5%/năm,-5.0,2027,33093.45581275,1953721.19655775,1.094325933243062,1.017312019168457,1.1713398473176668
decline,Giảm 5%/năm,-5.0,2028,31438.783022112497,1985159.9795798624,1.1169431865325752,1.0396899848609953,1.194196388204155
decline,Giảm 5%/năm,-5.0,2029,29866.843871006866,2015026.8234508694,1.1384295771576127,1.060941979780115,1.2159171745351105
decline,Giảm 5%/năm,-5.0,2030,28373.501677456523,2043400.325128326,1.1588416482513986,1.081125049792453,1.2365582467103442
decline,Giảm 5%/năm,-5.0,2031,26954.826593583693,2070355.1517219096,1.178233115790495,1.1002933081732809,1.2561729234077093
decline,Giảm 5%/năm,-5.0,2032,25607.08526390451,2095962.236985814,1.1966550099526363,1.1184980909333548,1.2748119289719178
decline,Giảm 5%/năm,-5.0,2033,24326.731000709282,2120288.967986523,1.214155809406671,1.1357881034531456,1.2925235153601962
decline,Giảm 5%/năm,-5.0,2034,23110.39445067382,2143399.362437197,1.2307815688880037,1.1522095589498362,1.3093535788261712
decline,Giảm 5%/năm,-5.0,2035,21954.874728140127,2165354.2371653374,1.2465760403952704,1.1678063092697988,1.325345771520742
decline,Giảm 5%/năm,-5.0,2036,20857.13099173312,2186211.3681570706,1.2615807883271732,1.1826199684679006,1.3405416081864459
decline,Giảm 5%/năm,-5.0,2037,19814.274442146463,2206025.6425992167,1.2758352988624808,1.196690029605226,1.3549805681197356
decline,Giảm 5%/năm,-5.0,2038,18823.56072003914,2224849.203319256,1.2893770838710235,1.2100539751686714,1.3687001925733755
decline,Giảm 5%/năm,-5.0,2039,17882.38268403718,2242731.5860032933,1.3022417796291386,1.222747381489507,1.3817361777687702
decline,Giảm 5%/năm,-5.0,2040,16988.26354983532,2259719.8495531287,1.3144632405993484,1.2348040175133184,1.3941224636853784
decline,Giảm 5%/năm,-5.0,2041,16138.850372343553,2275858.699925472,1.3260736285210468,1.2462559382507248,1.4058913187913689
decline,Giảm 5%/năm,-5.0,2042,15331.907853726376,2291190.6077791983,1.3371034970466606,1.2571335732168778,1.4170734208764435
decline,Giảm 5%/năm,-5.0,2043,14565.312461040055,2305755.9202402383,1.347581872145994,1.267465810147814,1.427697934144174
decline,Giảm 5%/năm,-5.0,2044,13837.046837988051,2319592.9670782266,1.3575363284903612,1.2772800742632875,1.437792582717435
decline,Giảm 5%/năm,-5.0,2045,13145.19449608865,2332738.1615743153,1.3669930620175093,1.2866024033285308,1.4473837207064877
decline,Giảm 5%/năm,-5.0,2046,12487.934771284215,2345226.0963455993,1.3759769588683,1.29545751875149,1.4564963989851099
decline,Giảm 5%/năm,-5.0,2047,11863.538032720006,2357089.6343783196,1.384511660876552,1.3038688929372841,1.4651544288158198
decline,Giảm 5%/năm,-5.0,2048,11270.361131084004,2368359.9955094033,1.3926196277843905,1.3118588131079294,1.4733804424608516
decline,Giảm 5%/năm,-5.0,2049,10706.843074529805,2379066.838583933,1.400322196346837,1.3194484417826295,1.4811959509110446
decline,Giảm 5%/năm,-5.0,2050,10171.500920803313,2389238.3395047365,1.4076396364811616,1.3266578741020476,1.4886213988602757
