year,temperature_anomaly,temperature_trend_5y,temperature_prediction,lower_90,upper_90
2015,0.9,0.718,0.7757175155267112,0.6190791270776698,0.962933337942958
2016,1.01,0.798,0.8004136215639951,0.6412907518333939,0.9832370877811276
2017,0.92,0.852,0.825515744277023,0.6754207090681527,1.005792325004161
2018,0.85,0.8859999999999999,0.8511477383767633,0.7002814721818331,1.0339251034808585
2019,0.98,0.932,0.8770257846875184,0.7240425691421271,1.066701301530558
2020,1.01,0.954,0.9015582629517201,0.7420320536762042,1.0929300932026147
2021,0.85,0.9219999999999999,0.9272829736414315,0.7689121148807798,1.1183932667659786
2022,0.89,0.916,0.953468825075431,0.7976515063119236,1.1432267172011643
2023,1.17,0.9799999999999999,0.9800498777033714,0.8239676696970041,1.16014516760738
2024,1.29,1.042,1.0069828695980418,0.8505303253993597,1.1936676450667252
