scenario_id,scenario,annual_change_pct,year,co2,cumulative_co2,extrapolation_ratio,temperature_prediction,lower_90,upper_90
trend,Tiếp diễn xu hướng,1.4070519037494567,2025,39141.68002656922,1888265.5550265692,1.0211676894965023,1.039875492855059,0.9004521075891139,1.2156509252393106
trend,Tiếp diễn xu hướng,1.4070519037494567,2026,39692.42378054259,1927957.9788071117,1.042633219371045,1.0677102379857784,0.9310771515663195,1.247094693372322
trend,Tiếp diễn xu hướng,1.4070519037494567,2027,40250.91678499101,1968208.8955921028,1.0644007803923372,1.0959366324277633,0.9558945630182145,1.2734522606131422
trend,Tiếp diễn xu hướng,1.4070519037494567,2028,40817.26807589084,2009026.1636679936,1.0864746222953796,1.1245601868901038,0.9813368217084742,1.3020308552783086
trend,Tiếp diễn xu hướng,1.4070519037494567,2029,41391.58822341118,2050417.7518914049,1.1088590546111492,1.1535864896204278,1.006067187885753,1.3390918053409542
trend,Tiếp diễn xu hướng,1.4070519037494567,2030,41973.98935350082,2092391.7412449056,1.1315584475079614,1.1830212074959066,1.0344475082992828,1.377803879435901
trend,Tiếp diễn xu hướng,1.4070519037494567,2031,42564.585169778846,2134956.3264146848,1.154577232644668,1.2128700871296159,1.0625411439931898,1.4005748895181374
trend,Tiếp diễn xu hướng,1.4070519037494567,2032,43163.49097573328,2178119.8173904177,1.17791990403586,1.2431389559924588,1.0927120236244916,1.434020030772884
trend,Tiếp diễn xu hướng,1.4070519037494567,2033,43770.82369723205,2221890.64108765,1.2015910189292482,1.27383372355088,1.1149247128945914,1.4697976780327642
trend,Tiếp diễn xu hướng,1.4070519037494567,2034,44386.70190535078,2266277.3429930005,1.2255951986953824,1.3049603824205835,1.1465100892599436,1.4982741375160769
trend,Tiếp diễn xu hướng,1.4070519037494567,2035,45011.24583952161,2311288.5888325223,1.2499371297298956,1.3365250095364867,1.1767386987165327,1.52162380865634
trend,Tiếp diễn xu hướng,1.4070519037494567,2036,45644.57743100796,2356933.16626353,1.274621564368439,1.3685337673391353,1.2062640311304427,1.5524169525809113
trend,Tiếp diễn xu hướng,1.4070519037494567,2037,46286.82032670934,2403219.9865902397,1.2996533218144943,1.4009929049778134,1.2389472485685842,1.5957683918481345
trend,Tiếp diễn xu hướng,1.4070519037494567,2038,46938.0999133014,2450158.086503541,1.325037289080236,1.4339087595305766,1.2650342062559017,1.6324225379820827
trend,Tiếp diễn xu hướng,1.4070519037494567,2039,47598.54334171533,2497756.6298452565,1.3507784219406374,1.46728775724146,1.2936202219893993,1.6614951530413096
trend,Tiếp diễn xu hướng,1.4070519037494567,2040,48268.27955196195,2546024.9093972184,1.3768817459009979,1.5011364147750867,1.3318057095439655,1.6969643983468021
trend,Tiếp diễn xu hướng,1.4070519037494567,2041,48947.43929830493,2594972.348695523,1.4033523571780842,1.535461340488934,1.3589635486970482,1.7333983930480166
trend,Tiếp diễn xu hướng,1.4070519037494567,2042,49636.15517478835,2644608.5038703117,1.4301954236950791,1.5702692357234986,1.3976576390470672,1.7688085362225847
trend,Tiếp diễn xu hướng,1.4070519037494567,2043,50334.56164112323,2694943.065511435,1.4574161860905261,1.6055668961106162,1.4303297620725328,1.8028347126811946
trend,Tiếp diễn xu hướng,1.4070519037494567,2044,51042.795048938606,2745985.8605603734,1.4850199587414734,1.64136121290019,1.4681683246618609,1.8440944417372844
trend,Tiếp diễn xu hướng,1.4070519037494567,2045,51760.99366840163,2797746.854228775,1.5130121308010125,1.6776591743055853,1.498954633059668,1.8707551017921782
trend,Tiếp diễn xu hướng,1.4070519037494567,2046,52489.29771521251,2850236.1519439872,1.541398167250416,1.7144678668679574,1.5337545331444224,1.913461836379398
trend,Tiếp diễn xu hướng,1.4070519037494567,2047,53227.84937797913,2903464.0013219668,1.5701836099660802,1.7517944768397742,1.5709206583598543,1.9525888785909673
trend,Tiếp diễn xu hướng,1.4070519037494567,2048,53976.79284597688,2957440.7941679433,1.5993740788014774,1.789646291587804,1.6069415954942627,1.9847030253784999
trend,Tiếp diễn xu hướng,1.4070519037494567,2049,54736.2743372991,3012177.0685052425,1.6289752726843367,1.8280307010158499,1.6424995913117069,2.028568996427105
trend,Tiếp diễn xu hướng,1.4070519037494567,2050,55506.442127403585,3067683.5106326463,1.6589929707292574,1.8669551990074962,1.6785056401763452,2.075701260284649
stable,Giữ mức 2024,0.0,2025,38598.578,1887722.453,1.0208739817390546,1.039494636634912,0.9000991603312237,1.2152481436001705
stable,Giữ mức 2024,0.0,2026,38598.578,1926321.031,1.0417479634781093,1.0665623104806412,0.9299878184192373,1.2460216898793415
stable,Giữ mức 2024,0.0,2027,38598.578,1964919.609,1.062621945217164,1.0936299843263704,0.9537438940674232,1.2709847063083777
stable,Giữ mức 2024,0.0,2028,38598.578,2003518.187,1.0834959269562185,1.1206976581720993,0.9776235175593297,1.2982330212606683
stable,Giữ mức 2024,0.0,2029,38598.578,2042116.7650000001,1.1043699086952734,1.1477653320178287,1.000552326672661,1.332494565328173
stable,Giữ mức 2024,0.0,2030,38598.578,2080715.343,1.125243890434328,1.1748330058635579,1.0263712775002216,1.3686184970158541
stable,Giữ mức 2024,0.0,2031,38598.578,2119313.921,1.1461178721733827,1.2019006797092868,1.0521771815951177,1.389072407617968
stable,Giữ mức 2024,0.0,2032,38598.578,2157912.499,1.1669918539124373,1.228968353555016,1.078615434916496,1.4184579190428959
stable,Giữ mức 2024,0.0,2033,38598.578,2196511.077,1.187865835651492,1.2560360274007452,1.0979670851756003,1.4527782499856372
stable,Giữ mức 2024,0.0,2034,38598.578,2235109.655,1.2087398173905466,1.2831037012464739,1.1256125316929158,1.476143739339204
stable,Giữ mức 2024,0.0,2035,38598.578,2273708.233,1.2296137991296012,1.3101713750922033,1.1523944338263072,1.493376582733358
stable,Giữ mức 2024,0.0,2036,38598.578,2312306.8109999998,1.2504877808686559,1.3372390489379324,1.1756394111374175,1.5182403746500188
stable,Giữ mức 2024,0.0,2037,38598.578,2350905.389,1.2713617626077107,1.3643067227836616,1.204512442380553,1.5582801886882565
stable,Giữ mức 2024,0.0,2038,38598.578,2389503.967,1.2922357443467654,1.3913743966293908,1.2257404406176442,1.5879535921746575
stable,Giữ mức 2024,0.0,2039,38598.578,2428102.545,1.31310972608582,1.4184420704751195,1.2476918015950005,1.610748014154446
stable,Giữ mức 2024,0.0,2040,38598.578,2466701.1229999997,1.3339837078248744,1.4455097443208487,1.2793443255331358,1.639168784591491
stable,Giữ mức 2024,0.0,2041,38598.578,2505299.701,1.3548576895639293,1.472577418166578,1.3014961410634411,1.6640399359587972
stable,Giữ mức 2024,0.0,2042,38598.578,2543898.279,1.375731671302984,1.4996450920123072,1.3283318911378168,1.6948856057175237
stable,Giữ mức 2024,0.0,2043,38598.578,2582496.857,1.3966056530420385,1.526712765858036,1.3556551961011811,1.7189276392024877
stable,Giữ mức 2024,0.0,2044,38598.578,2621095.4349999996,1.4174796347810932,1.5537804397037651,1.385770403817104,1.7507231518081134
stable,Giữ mức 2024,0.0,2045,38598.578,2659694.013,1.4383536165201478,1.5808481135494943,1.4085641319697888,1.7690824539027663
stable,Giữ mức 2024,0.0,2046,38598.578,2698292.591,1.4592275982592027,1.6079157873952237,1.4328599496753391,1.7988103073546904
stable,Giữ mức 2024,0.0,2047,38598.578,2736891.1689999998,1.480101579998257,1.6349834612409524,1.4613639933610514,1.8264779882282847
stable,Giữ mức 2024,0.0,2048,38598.578,2775489.7469999995,1.5009755617373117,1.6620511350866816,1.4889983369979183,1.851641089343836
stable,Giữ mức 2024,0.0,2049,38598.578,2814088.3249999997,1.5218495434763664,1.6891188089324107,1.5139577072759607,1.8815389262031321
stable,Giữ mức 2024,0.0,2050,38598.578,2852686.903,1.5427235252154212,1.7161864827781401,1.5367228256706167,1.9159929422105042
decline,Giảm 5%/năm,-5.0,2025,36668.6491,1885792.5241,1.019830282652102,1.0381412529426257,0.8988449519507452,1.2138168472916733
decline,Giảm 5%/năm,-5.0,2026,34835.216645,1920627.740745,1.0386690511715988,1.0625698285883962,0.926199127195372,1.2422897930506054
decline,Giảm 5%/năm,-5.0,2027,33093.45581275,1953721.19655775,1.0565658812651209,1.0857769754518782,0.9464219179296421,1.2625642523642084
decline,Giảm 5%/năm,-5.0,2028,31438.783022112497,1985159.9795798624,1.0735678698539666,1.107823764972186,0.9651329637915572,1.2855632243108412
decline,Giảm 5%/năm,-5.0,2029,29866.843871006866,2015026.8234508694,1.0897197590133703,1.1287682150164786,0.9829573221610922,1.3130711727153621
decline,Giảm 5%/năm,-5.0,2030,28373.501677456523,2043400.325128326,1.1050640537148038,1.1486654425585565,1.0015309543183473,1.3401839160220668
decline,Giảm 5%/năm,-5.0,2031,26954.826593583693,2070355.1517219096,1.1196411336811654,1.1675678087235306,1.019195755642952,1.3550278083044711
decline,Giảm 5%/năm,-5.0,2032,25607.08526390451,2095962.236985814,1.133489359649209,1.1855250565802555,1.0384519340956118,1.3735870645100183
decline,Giảm 5%/năm,-5.0,2033,24326.731000709282,2120288.967986523,1.1466451743188504,1.2025844420441445,1.0468625310562296,1.3965418208759615
decline,Giảm 5%/năm,-5.0,2034,23110.39445067382,2143399.362437197,1.1591431982550098,1.218790858234839,1.0645477584483116,1.410606414857883
decline,Giảm 5%/năm,-5.0,2035,21954.874728140127,2165354.2371653374,1.1710163209943614,1.2341869536159993,1.0809696546991219,1.4129927500291815
decline,Giảm 5%/năm,-5.0,2036,20857.13099173312,2186211.3681570706,1.1822957875967453,1.248813244228101,1.0887490947142273,1.426684525176184
decline,Giảm 5%/năm,-5.0,2037,19814.274442146463,2206025.6425992167,1.1930112808690096,1.2627082203095974,1.1081963683929055,1.450798904888626
decline,Giảm 5%/năm,-5.0,2038,18823.56072003914,2224849.203319256,1.2031909994776613,1.2759084475870197,1.116290455481746,1.4685181086543397
decline,Giảm 5%/năm,-5.0,2039,17882.38268403718,2242731.5860032933,1.2128617321558801,1.2884486635005703,1.1231953277123525,1.476994517908615
decline,Giảm 5%/năm,-5.0,2040,16988.26354983532,2259719.8495531287,1.222048928200188,1.300361868618444,1.1429544351491816,1.4870243412316053
decline,Giảm 5%/năm,-5.0,2041,16138.850372343553,2275858.699925472,1.2307767644422805,1.3116794134804233,1.1487930610146406,1.4953983767629095
decline,Giảm 5%/năm,-5.0,2042,15331.907853726376,2291190.6077791983,1.2390682088722684,1.3224310810993039,1.1590270831477065,1.5060930250836213
decline,Giảm 5%/năm,-5.0,2043,14565.312461040055,2305755.9202402383,1.246945081080757,1.3326451653372402,1.1731258758751733,1.516817637965019
decline,Giảm 5%/năm,-5.0,2044,13837.046837988051,2319592.9670782266,1.254428109678821,1.3423485453632804,1.1869054599887108,1.5248620433859568
decline,Giảm 5%/năm,-5.0,2045,13145.19449608865,2332738.1615743153,1.261536986846982,1.351566756388018,1.1916182256114038,1.5304927203502643
decline,Giảm 5%/năm,-5.0,2046,12487.934771284215,2345226.0963455993,1.2682904201567347,1.360324056861519,1.2001387890069362,1.531657128292691
decline,Giảm 5%/năm,-5.0,2047,11863.538032720006,2357089.6343783196,1.274706181801,1.368643492311345,1.209649417640838,1.5413401919172196
decline,Giảm 5%/năm,-5.0,2048,11270.361131084004,2368359.9955094033,1.2808011553630518,1.3765469559886792,1.2206625446641017,1.5546433088050606
decline,Giảm 5%/năm,-5.0,2049,10706.843074529805,2379066.838583933,1.286591380247001,1.3840552464821472,1.224582716488478,1.5629255353633753
decline,Giảm 5%/năm,-5.0,2050,10171.500920803313,2389238.3395047365,1.292092093886753,1.3911881224509415,1.2290193995724357,1.5767030030246252
