year,cumulative_co2_gt,temperature_actual,temperature_fitted,residual,leverage,cooks_distance,influential
1884,22.540088,-0.172,-0.2675580148976612,0.09555801489766119,0.014458150703314727,0.009648952536101912,False
1885,23.557576,-0.20400000000000001,-0.26684803922355665,0.06284803922355664,0.014421660033921065,0.004162936092088271,False
1886,24.590562000000002,-0.25,-0.26612724946319527,0.01612724946319527,0.014384713617214207,0.00027339482650716294,False
1887,25.674846000000002,-0.3,-0.2653706653424776,-0.03462933465752238,0.014346040900324984,0.0012570563423896291,False
1888,26.876189,-0.3,-0.26453240060986577,-0.03546759939013422,0.014303322807370775,0.0013146110228048895,False
1889,28.078285,-0.26399999999999996,-0.26369361045417017,-0.0003063895458297883,0.014260714430373165,9.780214142533074e-08,False
1890,29.385541,-0.268,-0.2627814424877399,-0.005218557512260136,0.014214533622745069,2.827821986039585e-05,False
1891,30.755139,-0.25,-0.26182577395572554,0.011825773955725538,0.014166323690511767,0.00014470793089991937,False
1892,32.135676,-0.23200000000000004,-0.26086247248465044,0.028862472484650403,0.014117908068996645,0.000858955733613395,False
1893,33.498855000000006,-0.26,-0.2599112829576485,-8.871704235152711e-05,0.014070277890499035,8.08738637046106e-09,False
1894,34.911086000000005,-0.3,-0.25892586626849207,-0.04107413373150792,0.014021118978036923,0.0017272993122155185,False
1895,36.407047,-0.274,-0.2578820250444097,-0.01611797495559031,0.013969251005429398,0.0002649698639811326,False
1896,37.952496,-0.25200000000000006,-0.25680365242913644,0.004803652429136385,0.013915889240862296,2.3442802012593856e-05,False
1897,39.570902000000004,-0.22000000000000003,-0.25567437238767665,0.03567437238767662,0.01386025029434466,0.0012876272277248522,False
1898,41.277871,-0.21200000000000002,-0.2544832954742874,0.042483295474287364,0.013801834816870646,0.0018181435374130634,False
1899,43.142292999999995,-0.186,-0.25318235210565276,0.06718235210565277,0.01373834558969578,0.004525263529484258,False
1900,45.105176,-0.158,-0.25181270530774125,0.09381270530774125,0.01367185837903382,0.008779935949243282,False
1901,47.130805,-0.166,-0.2503992760439458,0.08439927604394579,0.013603627506309966,0.00706988853829812,False
1902,49.207762,-0.2,-0.24895003148660344,0.04895003148660343,0.013534070260825478,0.0023656665145288655,False
1903,51.472352,-0.22000000000000003,-0.24736986168428596,0.02736986168428593,0.013458693670958033,0.0007353615051601927,False
1904,53.762609,-0.27999999999999997,-0.24577178214187595,-0.03422821785812402,0.013382955582048793,0.0011434224352897743,False
1905,56.20318,-0.316,-0.244068817545807,-0.071931182454193,0.01330279211494079,0.005018717271587147,False
1906,58.752156,-0.33,-0.24229021086555494,-0.08770978913444508,0.013219668798552821,0.007414110680823237,False
1907,61.657105,-0.35,-0.24026321583021856,-0.10973678416978142,0.013125685515722962,0.01152089150652352,False
1908,64.4475,-0.36,-0.23831615348536245,-0.12168384651463754,0.01303615916887729,0.014066833776698071,False
1909,67.354609,-0.362,-0.23628765126030388,-0.1257123487396961,0.01294367069021577,0.014904341278945963,False
1910,70.404883,-0.396,-0.23415925236090301,-0.161840747639097,0.012847485951620111,0.024513691551448426,False
1911,73.502094,-0.43999999999999995,-0.23199810208928406,-0.20800189791071588,0.012750720643256861,0.040178988654696345,True
1912,76.756023,-0.43600000000000005,-0.22972759822558902,-0.20627240177441103,0.012650035360421984,0.039193593670588014,True
1913,80.280867,-0.422,-0.2272680571843056,-0.1947319428156944,0.012542096061370411,0.034625070073145865,True
1914,83.478617,-0.358,-0.22503675351107524,-0.13296324648892474,0.012445188758505941,0.016014951071009316,False
1915,86.626648,-0.3,-0.22284014241460331,-0.07715985758539667,0.012350731933652992,0.005351226867874187,False
1916,90.026875,-0.284,-0.2204675557536958,-0.06353244424630416,0.012249759838198,0.003597557465479868,False
1917,93.583375,-0.302,-0.21798592600970584,-0.08401407399029415,0.012145315964894692,0.006236057429038635,False
1918,97.089461,-0.29,-0.21553947379472296,-0.07446052620527702,0.012043522423960243,0.004856388555546783,False
1919,100.130578,-0.312,-0.21341746440286202,-0.09858253559713798,0.01195616914465811,0.00844934265110693,False
1920,103.677336,-0.338,-0.21094263236362845,-0.12705736763637157,0.011855395645520028,0.013914194736836291,False
1921,106.792328,-0.302,-0.20876907498994907,-0.09323092501005092,0.011767870193446033,0.007435038839961208,False
1922,110.05704700000001,-0.268,-0.2064910421553732,-0.061508957844626816,0.011677121659404445,0.0032106884842548083,False
1923,113.760039,-0.262,-0.203907194246205,-0.058092805753795024,0.011575409490016229,0.0028384242656830706,False
1924,117.47618,-0.26,-0.20131417131960286,-0.05868582868039715,0.011474638653398768,0.0028708678027811224,False
1925,121.21682000000001,-0.248,-0.19870405365179505,-0.049295946348204944,0.0113745212195131,0.0020075911363033844,False
1926,124.894227,-0.23200000000000004,-0.19613805826533173,-0.03586194173466831,0.011277384942289977,0.0010531988975141372,False
1927,128.907172,-0.21800000000000003,-0.19333793351543838,-0.02466206648456165,0.011172843601887571,0.0004933614403372083,False
1928,132.903484,-0.20400000000000001,-0.19054941482417903,-0.013450585175820984,0.011070247684767545,0.00014537580591170862,False
1929,137.191688,-0.22199999999999998,-0.18755722177070044,-0.03444277822929953,0.010961836452279949,0.0009437063877034823,False
1930,141.149781,-0.21000000000000002,-0.18479537126647486,-0.025204628733525164,0.010863312823845424,0.0005007184569139462,False
1931,144.689109,-0.20600000000000002,-0.18232572368077643,-0.023674276319223586,0.010776466585736034,0.0004381514542519004,False
1932,147.881688,-0.194,-0.18009802819183013,-0.013901971808169877,0.010699144043462337,0.00014997828986867094,False
1933,151.244375,-0.21200000000000002,-0.1777516359300761,-0.03424836406992393,0.010618742959961451,0.000903251599395386,False
1934,154.900562,-0.16599999999999998,-0.17520044728708736,0.009200447287087382,0.010532536712152088,6.46444365170508e-05,False
1935,158.73629699999998,-0.174,-0.17252397489398652,-0.0014760251060134677,0.01044345466010603,1.6494295419339696e-06,False
1936,162.944234,-0.186,-0.16958778998746726,-0.016412210012532735,0.010347327529641397,0.00020201334013095912,False
1937,167.440938,-0.15999999999999998,-0.1664501112594148,0.006450111259414831,0.010246452914399655,3.0891368797232546e-05,False
1938,171.67056200000002,-0.10400000000000001,-0.16349879374942078,0.05949879374942077,0.010153313388657787,0.0026041834320413267,False
1939,176.140703,-0.082,-0.1603796499660864,0.07837964996608639,0.010056714721500552,0.004475334146525525,False
1940,181.025359,-0.018,-0.1569712687995578,0.13897126879955782,0.009953317233584426,0.013921623068503178,False
1941,186.024438,0.048,-0.15348304635081453,0.20148304635081454,0.00984983189680925,0.028952563996123146,False
1942,191.006969,0.066,-0.15000637064999858,0.21600637064999859,0.009749038665840318,0.03292969383179848,True
1943,196.082234,0.086,-0.14646498766598873,0.23246498766598872,0.009648781032816325,0.037739174692977474,True
1944,201.244719,0.13,-0.1428627449192147,0.2728627449192147,0.00954929731731259,0.051449066502080296,True
1945,205.534031,0.124,-0.13986977873323048,0.2638697787332305,0.009468555385259744,0.04769906009702684,True
1946,210.14257800000001,0.074,-0.13665405897735372,0.21065405897735373,0.009383741418232736,0.030122299160163832,False
1947,215.30778099999998,0.05600000000000001,-0.13304991968351262,0.18904991968351265,0.009291067929802237,0.02401650450943663,False
1948,220.755672,0.016,-0.12924852833032405,0.14524852833032403,0.009196054003237837,0.014029198654361504,False
1949,225.95970300000002,-0.046,-0.12561729590568024,0.07961729590568024,0.009107911911253486,0.004174113674652788,False
1950,231.890109,-0.1,-0.12147921860396893,0.021479218603968925,0.0090105865175145,0.0003004936593586512,False
1951,238.27175,-0.1,-0.11702628169378598,0.017026281693785977,0.008909567692114108,0.00018666075529309354,False
1952,244.739453,-0.092,-0.1125132930419955,0.020513293041995506,0.008811112669639281,0.00026789955971803385,False
1953,251.390484,-0.054000000000000006,-0.10787238305807897,0.05387238305807897,0.008713988987214708,0.001826984031352885,False
1954,258.180234,-0.05800000000000001,-0.10313467869866505,0.04513467869866504,0.008619150955489116,0.0012681991929100387,False
1955,265.624344,-0.05,-0.09794037958618568,0.047940379586185675,0.008520178688158013,0.0014140579430178856,False
1956,273.550594,-0.074,-0.09240965619006586,0.018409656190065862,0.008420551718311681,0.0002060441056546323,False
1957,281.736562,-0.066,-0.08669770858085743,0.020697708580857427,0.008323891307767787,0.00025740356709030697,False
1958,290.154094,-0.07,-0.0808241818601525,0.010824181860152493,0.008231099222228536,6.960017817876765e-05,False
1959,299.009219,-0.038,-0.07464531455050855,0.03664531455050855,0.00814070908224794,0.0007888280342363668,False
1960,308.396156,-0.014000000000000002,-0.06809536317579751,0.05409536317579751,0.008052980066632659,0.0017001337044868145,False
1961,317.81115600000004,0.036,-0.061525830196839215,0.09752583019683922,0.007973351671586686,0.0054703722421421165,False
1962,327.558406,0.032,-0.05472446213213916,0.08672446213213916,0.007899737169808003,0.004285170123803897,False
1963,337.825156,0.03,-0.04756060098378864,0.07756060098378864,0.00783190657622589,0.003397524847134604,False
1964,348.649656,-0.016000000000000004,-0.04000755693379032,0.02400755693379032,0.00777117661511156,0.00032295525985822515,False
1965,359.96025,-0.034,-0.03211532960563229,-0.0018846703943677101,0.007719547167437067,1.9768653766935263e-06,False
1966,371.822875,-0.05800000000000001,-0.023837909939725177,-0.03416209006027483,0.007678384624902031,0.0006460068928279116,False
1967,384.06021899999996,-0.068,-0.01529902146570955,-0.052700978534290455,0.007649854596269459,0.0015315951725460334,False
1968,396.9655,-0.094,-0.0062940645743421175,-0.08770593542565788,0.007635096271729664,0.0042336311675086145,False
1969,410.727312,-0.044000000000000004,0.0033085565392238503,-0.047308556539223855,0.007636695867538403,0.001232045713677452,False
1970,425.626469,-0.016000000000000004,0.013704786307697281,-0.029704786307697285,0.007658601392409844,0.00048715081943822295,False
1971,441.130312,-0.020000000000000004,0.024522949652263593,-0.044522949652263596,0.007703664380801581,0.0011009453504391997,False
1972,457.354906,-0.014000000000000004,0.035844033598435576,-0.04984403359843558,0.007775141866926113,0.0013928290021621584,False
1973,474.432188,0.033999999999999996,0.047760100225092084,-0.013760100225092088,0.007877242990903725,0.00010756474188061194,False
1974,491.430094,0.009999999999999995,0.059620780420549635,-0.04962078042054964,0.008006232772284847,0.0014220695329990151,False
1975,508.41856199999995,0.0019999999999999953,0.07147487503424882,-0.06947487503424882,0.008162427687367782,0.002843001630853041,False
1976,526.281062,-0.0020000000000000044,0.08393884559576159,-0.08593884559576159,0.008356068313462138,0.004455052448437808,False
1977,544.6390620000001,0.031999999999999994,0.09674856268845589,-0.06474856268845589,0.008586493760439391,0.0025998589473945665,False
1978,563.663875,0.013999999999999995,0.11002356390162787,-0.09602356390162788,0.00885888786732526,0.005902652139432829,False
1979,583.1724379999999,0.06,0.1236361128130018,-0.0636361128130018,0.00917372193169939,0.002686217358713817,False
1980,602.58225,0.11400000000000002,0.1371797559409233,-0.02317975594092328,0.009522649297726176,0.00037022840484209497,False
1981,621.4619379999999,0.198,0.15035349284463467,0.047646507155365336,0.009896198073779878,0.0016268682611907618,False
1982,640.191688,0.19,0.16342260705734257,0.02657739294265743,0.010300058616802488,0.0005272792580081157,False
1983,659.0935,0.238,0.17661178149133827,0.06138821850866172,0.010741233122372691,0.0029362140540534908,False
1984,678.55075,0.23800000000000004,0.1901885255757606,0.04781147442423944,0.011230631796603944,0.0018640681269618594,False
1985,698.695625,0.21000000000000002,0.20424507583274337,0.005754924167256648,0.011775015147793118,2.834734250166464e-05,False
1986,719.133688,0.182,0.21850620476577864,-0.03650620476577865,0.012366506171148758,0.001199422234186694,False
1987,740.239875,0.21799999999999997,0.23323353259972035,-0.015233532599720379,0.013018757364985076,0.0002201589335773856,False
1988,762.1585620000001,0.23399999999999999,0.24852780101203742,-0.014527801012037433,0.013740669564165342,0.00021164535281257345,False
1989,784.3588120000001,0.256,0.2640185364890548,-0.008018536489054817,0.01451812711773094,6.82318048723501e-05,False
1990,807.091,0.32199999999999995,0.2798804439505397,0.04211955604946027,0.015362467427361774,0.0019955338448974097,False
1991,830.296562,0.368,0.2960726590173757,0.07192734098262432,0.01627475136850962,0.006176437662433053,False
1992,852.8169379999999,0.348,0.31178676978004605,0.03621323021995393,0.017208747258647815,0.0016586110258548542,False
1993,875.566875,0.316,0.3276610620148547,-0.011661062014854673,0.01820091880218057,0.00018226681514629152,False
1994,898.541438,0.32599999999999996,0.3436920922119503,-0.01769209221195034,0.019252515101707914,0.0004447487955239652,False
1995,922.058125,0.32599999999999996,0.36010140190949047,-0.034101401909490514,0.020380576880221275,0.0017531920387448114,False
1996,946.291562,0.30999999999999994,0.37701084041878496,-0.06701084041878502,0.021597686867927485,0.007191934999189262,False
1997,970.671938,0.36,0.3940228089977975,-0.03402280899779753,0.022878169779222357,0.001969008114581207,False
1998,994.967625,0.43599999999999994,0.41097568387755845,0.025024316122441492,0.024210074684642265,0.0011302935005154582,False
1999,1019.805375,0.44799999999999995,0.4283067956936095,0.019693204306390433,0.02562934897656244,0.000743199287832585,False
2000,1045.316812,0.43599999999999994,0.4461079881218748,-0.010107988121874856,0.027147801131355266,0.00020804328407874774,False
2001,1071.009875,0.476,0.4640359142725867,0.011964085727413254,0.028739216112093464,0.0003095605207635642,False
2002,1097.275125,0.508,0.4823630970740296,0.02563690292597043,0.030430543922806415,0.0015103107275862618,False
2003,1124.927875,0.51,0.5016584399400826,0.008341560059917374,0.03228165637755707,0.00017026906500033123,False
2004,1153.537875,0.54,0.5216217260290892,0.018378273970910852,0.03427289375564051,0.0008811192714692354,False
2005,1183.136875,0.5980000000000001,0.5422751096344196,0.05572489036558048,0.03641436047055108,0.008645175616953502,False
2006,1213.731,0.6199999999999999,0.5636228646158188,0.0563771353841811,0.03871482363975521,0.009452836145151758,False
2007,1245.23025,0.626,0.585602191401528,0.040397808598471974,0.04117574736982495,0.005188745973211842,False
2008,1277.279875,0.61,0.6079655550128659,0.002034444987134121,0.043775889733778835,1.406665477297606e-05,False
2009,1308.793,0.636,0.6299545633992212,0.006045436600778831,0.046427136357521395,0.00013246550435073485,False
2010,1342.1105,0.6439999999999999,0.653202615977707,-0.009202615977707107,0.04933223148044594,0.00032815509029134044,False
2011,1376.590625,0.638,0.6772619169130341,-0.039261916913034045,0.05244913844265491,0.006392336398226907,False
2012,1411.54525,0.636,0.7016523111461322,-0.06565231114613224,0.05572359973294561,0.019121601191098587,False
2013,1446.821125,0.6639999999999999,0.7262668649617575,-0.062266864961757595,0.05914519569357631,0.018389570461129306,False
2014,1482.286875,0.682,0.7510139084294675,-0.06901390842946742,0.06270373579318243,0.024132161112975194,False
